-- public.cat_food_and_treats definition

-- Drop table

-- DROP TABLE public.cat_food_and_treats;

CREATE TABLE public.cat_food_and_treats (
                                            id bigserial NOT NULL,
                                            name varchar(255) NULL,
                                            "type" varchar(255) NULL,
                                            food_type varchar(255) NULL,
                                            purchase_date date NOT NULL,
                                            purchase_price numeric(10, 2) NULL,
                                            weight numeric(10, 2) NULL,
                                            calories_per_unit numeric(38, 2) NULL,
                                            calories_per_gram numeric(38, 2) NULL,
                                            supplier varchar(255) NULL,
                                            crude_protein numeric(5, 2) NULL,
                                            crude_fat numeric(5, 2) NULL,
                                            ash numeric(5, 2) NULL,
                                            crude_fiber numeric(5, 2) NULL,
                                            phosphorus numeric(5, 2) NULL,
                                            calcium numeric(5, 2) NULL,
                                            moisture numeric(5, 2) NULL,
                                            sodium numeric(5, 2) NULL
);

INSERT INTO public.cat_food_and_treats ("name","type",food_type,purchase_date,purchase_price,weight,calories_per_unit,calories_per_gram,supplier,crude_protein,crude_fat,ash,crude_fiber,phosphorus,calcium,moisture,sodium) VALUES
                                                                                                                                                                                                                                 ('힐스 어덜트 치킨','주식','건식','2024-10-10',25830.00,300.00,0.00,3.75,'펫프렌즈',32.00,16.00,6.00,2.50,1.20,1.00,8.00,NULL),
                                                                                                                                                                                                                                 ('캐츠랑 전연령','주식','건식','2024-10-02',8200.00,200.00,0.00,3.88,'펫프렌즈',32.00,18.00,7.00,3.00,1.00,1.20,8.00,NULL),
                                                                                                                                                                                                                                 ('이나바 차오츄르 참치맛','간식','츄르','2024-10-11',5000.00,150.00,6.00,0.43,'다이소',11.00,0.50,1.00,0.10,0.10,0.10,88.00,NULL),
                                                                                                                                                                                                                                 ('이나바 차오츄르 닭가슴살&오징어','간식','츄르','2024-12-05',2000.00,14.00,7.00,0.50,'다이소',7.00,0.20,1.50,0.10,0.17,0.00,91.00,NULL),
                                                                                                                                                                                                                                 ('차오츄르 가리비맛','간식','츄르','2024-10-11',5000.00,150.00,6.00,0.43,'다이소',7.00,2.00,2.00,0.10,0.10,0.01,91.00,NULL),
                                                                                                                                                                                                                                 ('이나바 츄르비 참치&구운 닭가슴살','간식','기타','2024-11-10',2000.00,30.00,2.00,2.00,'다이소',24.00,4.20,2.00,0.10,0.30,0.02,69.50,0.00),
                                                                                                                                                                                                                                 ('이나바 금빛육수컵 - 참치','주식','기타','2024-10-02',1190.00,70.00,35.00,0.50,'견생냥품',9.00,0.10,2.00,0.10,0.08,0.01,89.00,0.00),
                                                                                                                                                                                                                                 ('K9 Natural Cat Food 닭고기 캔','주식','캔','2024-10-29',5900.00,170.00,161.00,0.00,'펫프렌즈',7.50,7.50,3.00,0.30,0.50,0.30,82.00,NULL),
                                                                                                                                                                                                                                 ('지위픽 토끼&양고기 캔','주식','캔','2024-10-29',7300.00,85.00,62.00,0.73,'펫프렌즈',11.00,3.50,1.50,0.50,0.20,0.25,85.00,NULL),
                                                                                                                                                                                                                                 ('지위픽 양고기 캔','주식','캔','2024-10-29',5300.00,85.00,59.45,0.70,'펫프렌즈',18.00,7.00,1.50,0.30,0.20,0.25,75.00,NULL);
INSERT INTO public.cat_food_and_treats ("name","type",food_type,purchase_date,purchase_price,weight,calories_per_unit,calories_per_gram,supplier,crude_protein,crude_fat,ash,crude_fiber,phosphorus,calcium,moisture,sodium) VALUES
                                                                                                                                                                                                                                 ('마이베프 별자리스틱 간','간식','츄르','2024-11-23',3700.00,15.00,12.20,0.81,'펫프렌즈',7.00,0.50,1.20,2.00,0.05,0.01,90.00,NULL),
                                                                                                                                                                                                                                 ('마이베프 별자리스틱 심장','간식','츄르','2024-11-23',3700.00,15.00,13.50,0.90,'펫프렌즈',7.50,0.50,0.70,0.25,0.08,0.03,90.00,NULL),
                                                                                                                                                                                                                                 ('마이베프 별자리스틱 멀티비타민','간식','츄르','2024-11-23',3700.00,15.00,12.80,0.85,'펫프렌즈',6.00,0.07,0.80,0.08,0.08,0.06,90.00,NULL),
                                                                                                                                                                                                                                 ('마이베프 별자리스틱 신장','간식','츄르','2024-11-23',3700.00,15.00,13.20,0.88,'펫프렌즈',7.00,0.20,0.70,0.04,0.10,0.02,89.00,NULL),
                                                                                                                                                                                                                                 ('마이베프 별자리스틱 눈','간식','츄르','2024-11-23',3700.00,15.00,13.50,0.90,'펫프렌즈',8.00,0.10,0.90,0.25,0.08,0.02,90.00,NULL),
                                                                                                                                                                                                                                 ('마이베프 별자리스틱 관절','간식','츄르','2024-11-23',3700.00,15.00,13.50,0.90,'펫프렌즈',7.00,0.60,0.80,0.09,0.08,0.01,90.00,NULL),
                                                                                                                                                                                                                                 ('마이베프 별자리스틱 두뇌','간식','츄르','2024-11-23',3700.00,15.00,11.60,0.77,'펫프렌즈',9.00,0.10,2.00,0.70,0.05,0.01,90.00,NULL),
                                                                                                                                                                                                                                 ('K9 캣 내추럴 치킨 & 사슴 피스트 캔','주식','캔','2024-11-23',5000.00,170.00,152.00,0.86,'K9 내추럴',7.00,7.00,2.50,0.50,0.10,0.40,83.00,NULL),
                                                                                                                                                                                                                                 ('K9 캣 내추럴 치킨 피스트 캔','주식','캔','2024-11-23',5000.00,170.00,86.00,0.51,'K9 내추럴',9.50,5.50,4.00,0.25,0.70,0.30,82.00,NULL),
                                                                                                                                                                                                                                 ('조공 이지 케어 릴리프','간식','츄르','2024-11-10',12900.00,8.00,9.00,1.13,'펫프렌즈',7.00,0.10,1.00,0.90,0.07,0.01,89.00,0.04);
INSERT INTO public.cat_food_and_treats ("name","type",food_type,purchase_date,purchase_price,weight,calories_per_unit,calories_per_gram,supplier,crude_protein,crude_fat,ash,crude_fiber,phosphorus,calcium,moisture,sodium) VALUES
                                                                                                                                                                                                                                 ('조공 이지 케어 오메가-3','간식','츄르','2024-11-10',10900.00,8.00,10.80,0.00,'펫프렌즈',7.00,0.80,1.20,0.50,0.04,0.01,89.00,0.05),
                                                                                                                                                                                                                                 ('보레알 캣 치킨&연어','주식','캔','2024-10-02',3800.00,156.00,0.00,0.54,'펫프렌즈',7.20,6.75,1.50,0.25,0.18,0.20,85.00,0.00),
                                                                                                                                                                                                                                 ('로얄캐닌 마더 앤 베이비 캣 울트라 소프트 무스','주식','캔','2024-10-02',2600.00,100.00,95.70,0.96,'펫프렌즈',8.50,3.50,2.10,2.00,0.20,0.20,81.80,0.00),
                                                                                                                                                                                                                                 ('로얄캐닌 인도어 파우치 그레이비','주식','파우치','2024-10-02',1900.00,85.00,67.00,0.79,'로얄캐닌',7.70,1.30,2.00,1.90,0.19,0.22,83.60,0.00),
                                                                                                                                                                                                                                 ('시그니처바이 캣 A/a 식욕촉진&기력회복 스틱','간식','츄르','2024-12-02',6000.00,10.00,6.00,0.60,'펫프렌즈',12.00,5.00,2.40,0.20,0.30,0.05,80.00,0.00),
                                                                                                                                                                                                                                 ('알모네이쳐 캣 닭고기&참치 캔','주식','캔','2024-12-02',2600.00,70.00,59.00,0.84,'펫프렌즈',16.00,0.50,2.80,0.10,0.00,0.00,79.00,0.00),
                                                                                                                                                                                                                                 ('로우즈 캣 슈레디드 치킨&오리 캔','주식','캔','2024-12-05',4200.00,85.00,75.00,0.88,'펫프렌즈',11.00,1.50,2.00,1.50,0.15,0.30,82.00,0.00),
                                                                                                                                                                                                                                 ('아투 캣 치킨','주식','건식','2024-12-05',1200.00,100.00,370.00,3.70,'펫프렌즈',36.00,19.00,8.80,2.00,1.30,1.70,7.00,0.00),
                                                                                                                                                                                                                                 ('이나바 캣 챠오 화이티캔 참치 흰살','간식','캔','2024-12-12',1890.00,85.00,55.00,0.65,'펫프렌즈',13.00,0.50,1.00,0.10,0.15,0.00,85.00,0.00),
                                                                                                                                                                                                                                 ('고집츄르 캣 닭가슴살','간식','츄르','2024-12-16',1500.00,11.00,0.00,0.00,'펫프렌즈',8.00,0.70,1.50,0.05,0.06,0.01,89.00,0.00);
INSERT INTO public.cat_food_and_treats ("name","type",food_type,purchase_date,purchase_price,weight,calories_per_unit,calories_per_gram,supplier,crude_protein,crude_fat,ash,crude_fiber,phosphorus,calcium,moisture,sodium) VALUES
                                                                                                                                                                                                                                 ('고집츄르 캣 알래스카 연어','간식','츄르','2024-12-16',1600.00,11.00,0.00,0.00,'펫프렌즈',7.00,0.40,1.00,0.06,0.08,0.04,89.00,0.00),
                                                                                                                                                                                                                                 ('고집츄르 캣 북태평양 참치','간식','츄르','2024-12-16',1700.00,11.00,0.00,0.00,'펫프렌즈',10.50,0.07,0.70,0.04,0.08,0.01,89.00,0.00),
                                                                                                                                                                                                                                 ('쉬바 파우치 - 참치','주식','파우치','2024-12-16',1200.00,85.00,64.00,0.75,'펫프렌즈',7.00,1.00,3.00,0.50,0.50,0.60,88.00,0.00),
                                                                                                                                                                                                                                 ('쉬바 파우치 - 참치와 게맛살','주식','파우치','2024-12-16',1200.00,85.00,66.00,0.77,'펫프렌즈',7.00,1.00,3.00,0.50,0.50,0.60,88.00,0.00),
                                                                                                                                                                                                                                 ('쉬바 파우치 - 참치와 연어','주식','파우치','2024-12-16',1200.00,85.00,67.00,0.78,'펫프렌즈',7.00,1.00,3.00,0.50,0.50,0.60,88.00,0.00),
                                                                                                                                                                                                                                 ('쉬바 파우치 - 참치와 닭고기','주식','파우치','2024-12-16',1200.00,85.00,62.00,0.72,'펫프렌즈',7.00,1.00,3.00,0.50,0.50,0.60,88.00,0.00),
                                                                                                                                                                                                                                 ('시그니처바이 캣 A/a 식욕촉진&기력회복 캔','주식','캔','2024-12-16',2000.00,30.00,0.00,0.00,'펫프렌즈',12.00,5.00,2.40,0.20,0.30,0.05,80.00,0.00),
                                                                                                                                                                                                                                 ('지위픽 캣 소고기 캔식품 85g','주식','캔','2024-12-16',5300.00,85.00,106.25,1.25,'펫프렌즈',9.00,5.50,4.00,2.00,0.24,0.30,78.00,0.00),
                                                                                                                                                                                                                                 ('지위픽 캣 양고기 캔식품 85g','주식','캔','2024-12-16',5300.00,85.00,112.63,1.33,'펫프렌즈',9.50,6.00,3.00,2.00,0.25,0.32,78.00,0.00),
                                                                                                                                                                                                                                 ('지위픽 캣 토끼&양고기 캔식품 85g','주식','캔','2024-12-16',5300.00,85.00,93.50,1.10,'펫프렌즈',11.00,3.50,3.00,2.00,0.25,0.32,78.00,0.00);
INSERT INTO public.cat_food_and_treats ("name","type",food_type,purchase_date,purchase_price,weight,calories_per_unit,calories_per_gram,supplier,crude_protein,crude_fat,ash,crude_fiber,phosphorus,calcium,moisture,sodium) VALUES
                                                                                                                                                                                                                                 ('레오나르도 캣 순수생육 연어','주식','건식','2024-12-23',1700.00,1500.00,6075.00,4.05,'펫프랜즈',37.00,22.00,7.50,2.50,1.10,1.30,10.00,0.00),
                                                                                                                                                                                                                                 ('레오나르도 캣 순수생육 오리','주식','건식','2024-12-24',42075.00,1500.00,4120.00,4.12,'바잇미',40.00,22.00,7.00,2.50,0.90,1.00,10.00,0.00),
                                                                                                                                                                                                                                 ('레오나르도 캣 푸드 키튼','주식','건식','2024-12-08',36000.00,1800.00,4100.00,4.10,'팻프렌즈',34.00,22.00,8.50,1.50,0.94,1.30,10.00,0.00),
                                                                                                                                                                                                                                 ('로우즈 밀프리 칠면조&치킨','주식','건식','2024-12-08',39000.00,794.00,3710.00,4.67,'펫프렌즈',40.00,12.00,9.00,4.00,1.00,1.50,10.00,0.00),
                                                                                                                                                                                                                                 ('퓨리나 파티믹스 오리지널','간식','스낵','2024-10-11',3500.00,60.00,1.40,0.00,'펫프렌즈',26.00,12.00,7.50,3.50,1.00,1.20,10.00,NULL),
                                                                                                                                                                                                                                 ('템테이션','간식','스낵','2024-10-13',6800.00,160.00,2.00,0.00,'견생냥품',30.00,17.00,12.00,4.50,0.50,0.60,12.00,0.46),
                                                                                                                                                                                                                                 ('템테이션 캣 트릿 헤어볼 컨트롤 130g','간식','스낵','2025-01-21',6800.00,130.00,2.00,0.00,'펫프렌즈',30.00,17.00,12.00,8.00,0.60,0.50,12.00,0.00),
                                                                                                                                                                                                                                 ('닥터펠리스 포캣트릿 닭가슴살','간식','트릿','2025-01-21',4900.00,25.00,1.00,0.00,'닥터펠리스',67.54,5.90,6.92,0.00,0.00,0.00,7.56,0.00);






-- public.cats definition

-- Drop table

-- DROP TABLE public.cats;

CREATE TABLE public.cats (
                             cat_id serial4 NOT NULL,
                             "name" varchar(100) NULL,
                             age int4 NOT NULL,
                             disease text NULL,
                             created_at timestamp NULL,
                             updated_at timestamp NULL
);

INSERT INTO public.cats ("name",age,disease,created_at,updated_at) VALUES
    ('용철',2,'없음','2024-12-19 11:33:12.122657','2024-12-19 11:33:12.122657');


-- public.defecation definition

-- Drop table

-- DROP TABLE public.defecation;

CREATE TABLE public.defecation (
                                   defecation_id serial4 NOT NULL,
                                   cat_id int4 NULL,
                                   "date" date NOT NULL,
                                   "type" varchar(20) NULL,
                                   defecation_count int4 NOT NULL,
                                   details text NULL,
                                   created_at timestamp NULL,
                                   updated_at timestamp NULL
);

-- public.meals definition

-- Drop table

-- DROP TABLE public.meals;

CREATE TABLE public.meals (
                              meal_id bigserial NOT NULL,
                              cat_id int8 NULL,
                              "date" date NOT NULL,
                              food_name varchar(255) NULL,
                              amount numeric(38, 2) NULL,
                              category varchar(255) NULL,
                              product_type varchar(255) NULL,
                              calories numeric(38, 2) NULL,
                              feeding_time time NULL,
                              notes varchar(255) NULL,
                              created_at timestamp NULL,
                              updated_at timestamp NULL
);

INSERT INTO public.meals (cat_id,"date",food_name,amount,category,product_type,calories,feeding_time,notes,created_at,updated_at) VALUES
                                                                                                                                      (1,'2024-12-26','조공 이지 케어 오메가-3',1.00,'간식','츄르',10.80,'06:30:00','','2024-12-26 16:20:43.946232','2024-12-26 16:20:43.946232'),
                                                                                                                                      (1,'2024-12-25','조공 이지 케어 릴리프',1.00,'간식','츄르',9.00,'21:30:00','','2024-12-26 16:17:01.281361','2024-12-26 16:17:01.281361'),
                                                                                                                                      (1,'2024-12-26','레오나르도 캣 순수생육 오리',11.20,'주식','건식',46.14,'18:30:00','','2024-12-27 08:43:28.788924','2024-12-27 08:43:28.788924'),
                                                                                                                                      (1,'2024-12-26','조공 이지 케어 릴리프',1.00,'간식','츄르',9.00,'20:40:00','','2024-12-27 08:43:29.006959','2024-12-27 08:43:29.006959'),
                                                                                                                                      (1,'2024-12-23','힐스 어덜트 치킨',13.00,'주식','건식',48.75,'12:01:00','','2024-12-27 12:05:44.826692','2024-12-27 12:05:44.826692'),
                                                                                                                                      (1,'2024-12-23','레오나르도 캣 순수생육 연어',15.00,'주식','건식',60.75,'05:30:00','비고 테스트','2024-12-27 12:05:44.980649','2024-12-27 12:05:44.980649'),
                                                                                                                                      (1,'2024-12-27','레오나르도 캣 푸드 키튼',35.00,'주식','건식',143.50,'20:30:00','','2024-12-30 08:18:31.468613','2024-12-30 08:18:31.468613'),
                                                                                                                                      (1,'2024-12-27','조공 이지 케어 릴리프',1.00,'간식','츄르',9.00,'06:30:00','','2024-12-30 08:18:31.621953','2024-12-30 08:18:31.621953'),
                                                                                                                                      (1,'2024-12-27','조공 이지 케어 오메가-3',1.00,'간식','츄르',10.80,'20:30:00','','2024-12-30 08:18:31.773811','2024-12-30 08:18:31.773811'),
                                                                                                                                      (1,'2024-12-27','퓨리나 파티믹스 오리지널',3.00,'간식','트릿',4.20,'06:30:00','','2024-12-30 08:18:31.927375','2024-12-30 08:18:31.927375');
INSERT INTO public.meals (cat_id,"date",food_name,amount,category,product_type,calories,feeding_time,notes,created_at,updated_at) VALUES
                                                                                                                                      (1,'2024-12-27','이나바 츄르비 참치&구운 닭가슴살',2.00,'간식','기타',4.00,'20:30:00','','2024-12-30 08:18:32.160242','2024-12-30 08:18:32.160242'),
                                                                                                                                      (1,'2024-12-28','레오나르도 캣 순수생육 연어',16.00,'주식','건식',64.80,'06:30:00','','2024-12-30 08:28:19.508325','2024-12-30 08:28:19.508325'),
                                                                                                                                      (1,'2024-12-28','힐스 어덜트 치킨',7.00,'주식','건식',26.25,'12:00:00','','2024-12-30 08:28:19.665016','2024-12-30 08:28:19.665016'),
                                                                                                                                      (1,'2024-12-28','조공 이지 케어 오메가-3',1.00,'간식','츄르',10.80,'06:30:00','','2024-12-30 08:28:19.821916','2024-12-30 08:28:19.821916'),
                                                                                                                                      (1,'2024-12-28','템테이션',10.00,'간식','트릿',20.00,'12:00:00','','2024-12-30 08:28:19.979889','2024-12-30 08:28:19.979889'),
                                                                                                                                      (1,'2024-12-28','퓨리나 파티믹스 오리지널',10.00,'간식','트릿',14.00,'12:00:00','','2024-12-30 08:28:20.136573','2024-12-30 08:28:20.136573'),
                                                                                                                                      (1,'2024-12-29','레오나르도 캣 순수생육 연어',31.10,'주식','건식',125.96,'16:45:00','','2024-12-30 08:37:07.46556','2024-12-30 08:37:07.46556'),
                                                                                                                                      (1,'2024-12-29','조공 이지 케어 릴리프',1.00,'간식','츄르',9.00,'20:30:00','','2024-12-30 08:37:07.616156','2024-12-30 08:37:07.616156'),
                                                                                                                                      (1,'2024-12-29','조공 이지 케어 오메가-3',1.00,'간식','츄르',10.80,'20:30:00','','2024-12-30 08:37:07.766462','2024-12-30 08:37:07.766462'),
                                                                                                                                      (1,'2024-12-30','레오나르도 캣 순수생육 연어',39.00,'주식','건식',157.95,'05:30:00','','2024-12-31 08:48:48.79172','2024-12-31 08:48:48.79172');
INSERT INTO public.meals (cat_id,"date",food_name,amount,category,product_type,calories,feeding_time,notes,created_at,updated_at) VALUES
                                                                                                                                      (1,'2024-12-31','힐스 어덜트 치킨',5.60,'주식','건식',21.00,'19:45:00','','2025-01-02 09:15:15.128572','2025-01-02 09:15:15.128572'),
                                                                                                                                      (1,'2024-12-31','레오나르도 캣 순수생육 연어',36.10,'주식','건식',146.21,'15:43:00','','2025-01-02 09:15:15.297617','2025-01-02 09:15:15.297617'),
                                                                                                                                      (1,'2025-01-02','조공 이지 케어 오메가-3',1.00,'간식','츄르',10.80,'21:04:00','','2025-01-03 09:29:36.334051','2025-01-03 09:29:36.334051'),
                                                                                                                                      (1,'2025-01-03','레오나르도 캣 순수생육 연어',15.00,'주식','건식',60.75,'05:22:00','','2025-01-06 09:06:43.049256','2025-01-06 09:06:43.049256'),
                                                                                                                                      (1,'2025-01-03','레오나르도 캣 순수생육 연어',3.80,'주식','건식',15.39,'06:30:00','','2025-01-06 09:06:43.254356','2025-01-06 09:06:43.254356'),
                                                                                                                                      (1,'2025-01-03','레오나르도 캣 순수생육 연어',9.00,'주식','건식',36.45,'21:20:00','','2025-01-06 09:06:43.562118','2025-01-06 09:06:43.562118'),
                                                                                                                                      (1,'2025-01-03','조공 이지 케어 오메가-3',1.00,'간식','츄르',10.80,'06:24:00','','2025-01-06 09:06:43.716086','2025-01-06 09:06:43.716086'),
                                                                                                                                      (1,'2025-01-03','조공 이지 케어 릴리프',1.00,'간식','츄르',9.00,'21:27:00','','2025-01-06 09:06:43.875918','2025-01-06 09:06:43.875918'),
                                                                                                                                      (1,'2025-01-03','힐스 어덜트 치킨',9.00,'주식','건식',33.75,'06:30:00','','2025-01-06 09:06:44.035008','2025-01-06 09:06:44.035008'),
                                                                                                                                      (1,'2025-01-05','레오나르도 캣 순수생육 연어',15.50,'주식','건식',62.78,'05:19:00','','2025-01-07 09:21:10.88973','2025-01-07 09:21:10.88973');
INSERT INTO public.meals (cat_id,"date",food_name,amount,category,product_type,calories,feeding_time,notes,created_at,updated_at) VALUES
                                                                                                                                      (1,'2025-01-04','레오나르도 캣 순수생육 연어',15.50,'주식','건식',62.78,'05:21:00','','2025-01-06 09:25:42.808232','2025-01-06 09:25:42.808232'),
                                                                                                                                      (1,'2025-01-04','레오나르도 캣 순수생육 연어',3.40,'주식','건식',13.77,'06:39:00','','2025-01-06 09:25:42.962533','2025-01-06 09:25:42.962533'),
                                                                                                                                      (1,'2025-01-04','레오나르도 캣 순수생육 연어',17.70,'주식','건식',71.68,'18:20:00','','2025-01-06 09:25:43.130013','2025-01-06 09:25:43.130013'),
                                                                                                                                      (1,'2025-01-04','힐스 어덜트 치킨',2.20,'주식','건식',8.25,'06:39:00','','2025-01-06 09:25:43.287533','2025-01-06 09:25:43.287533'),
                                                                                                                                      (1,'2025-01-04','힐스 어덜트 치킨',7.00,'주식','건식',26.25,'21:12:00','','2025-01-06 09:25:43.442447','2025-01-06 09:25:43.442447'),
                                                                                                                                      (1,'2025-01-04','조공 이지 케어 릴리프',1.00,'간식','츄르',9.00,'20:51:00','','2025-01-06 09:25:43.596536','2025-01-06 09:25:43.596536'),
                                                                                                                                      (1,'2025-01-04','조공 이지 케어 오메가-3',1.00,'간식','츄르',10.80,'06:30:00','','2025-01-06 09:25:43.750664','2025-01-06 09:25:43.750664'),
                                                                                                                                      (1,'2025-01-04','퓨리나 파티믹스 오리지널',1.00,'간식','트릿',1.40,'13:52:00','','2025-01-06 09:25:43.906795','2025-01-06 09:25:43.906795'),
                                                                                                                                      (1,'2025-01-03','레오나르도 캣 순수생육 연어',7.00,'주식','건식',28.35,'19:36:00','','2025-01-06 09:06:43.408368','2025-01-06 09:06:43.408368'),
                                                                                                                                      (1,'2025-01-05','레오나르도 캣 순수생육 연어',18.00,'주식','건식',72.90,'19:20:00','','2025-01-07 09:21:11.03605','2025-01-07 09:21:11.03605');
INSERT INTO public.meals (cat_id,"date",food_name,amount,category,product_type,calories,feeding_time,notes,created_at,updated_at) VALUES
                                                                                                                                      (1,'2024-12-30','조공 이지 케어 오메가-3',1.00,'간식','츄르',10.80,'07:05:00','','2024-12-31 08:48:49.17343','2024-12-31 08:48:49.17343'),
                                                                                                                                      (1,'2024-12-30','힐스 어덜트 치킨',10.50,'주식','건식',39.38,'21:30:00','','2024-12-31 08:48:49.01828','2024-12-31 08:48:49.01828'),
                                                                                                                                      (1,'2025-01-15','조공 이지 케어 오메가-3',1.00,'간식','츄르',10.80,'06:30:00','','2025-01-02 09:15:15.44597','2025-01-02 09:15:15.44597'),
                                                                                                                                      (1,'2025-01-15','조공 이지 케어 릴리프',1.00,'간식','츄르',9.00,'20:30:00','','2025-01-02 09:15:15.594668','2025-01-02 09:15:15.594668'),
                                                                                                                                      (1,'2025-01-15','힐스 어덜트 치킨',5.60,'주식','건식',21.00,'10:40:00','','2025-01-02 09:29:32.261023','2025-01-02 09:29:32.261023'),
                                                                                                                                      (1,'2025-01-15','레오나르도 캣 순수생육 연어',40.30,'주식','건식',163.21,'20:30:00','','2025-01-02 09:29:32.482819','2025-01-02 09:29:32.482819'),
                                                                                                                                      (1,'2025-01-15','조공 이지 케어 릴리프',1.00,'간식','츄르',9.00,'20:30:00','','2025-01-02 09:29:32.70601','2025-01-02 09:29:32.70601'),
                                                                                                                                      (1,'2025-01-15','레오나르도 캣 순수생육 연어',30.50,'주식','건식',123.52,'05:30:00','','2025-01-03 09:29:35.816918','2025-01-03 09:29:35.816918'),
                                                                                                                                      (1,'2025-01-15','힐스 어덜트 치킨',14.30,'주식','건식',53.63,'20:05:00','','2025-01-03 09:29:36.022859','2025-01-03 09:29:36.022859'),
                                                                                                                                      (1,'2025-01-15','조공 이지 케어 릴리프',1.00,'간식','츄르',9.00,'06:30:00','','2025-01-03 09:29:36.17911','2025-01-03 09:29:36.17911');
INSERT INTO public.meals (cat_id,"date",food_name,amount,category,product_type,calories,feeding_time,notes,created_at,updated_at) VALUES
                                                                                                                                      (1,'2025-01-03','힐스 어덜트 치킨',12.60,'주식','건식',9.00,'21:20:00','','2025-01-06 09:06:44.195788','2025-01-06 09:06:44.195788'),
                                                                                                                                      (1,'2025-01-05','힐스 어덜트 치킨',10.80,'주식','건식',40.50,'21:30:00','','2025-01-07 09:21:11.182946','2025-01-07 09:21:11.182946'),
                                                                                                                                      (1,'2025-01-05','조공 이지 케어 릴리프',1.00,'간식','츄르',9.00,'20:30:00','','2025-01-07 09:21:11.333913','2025-01-07 09:21:11.333913'),
                                                                                                                                      (1,'2025-01-06','레오나르도 캣 순수생육 연어',17.00,'주식','건식',68.85,'05:22:00','','2025-01-07 09:29:08.991674','2025-01-07 09:29:08.991674'),
                                                                                                                                      (1,'2025-01-06','레오나르도 캣 순수생육 연어',7.20,'주식','건식',29.16,'21:30:00','','2025-01-07 09:29:09.493404','2025-01-07 09:29:09.493404'),
                                                                                                                                      (1,'2025-01-06','힐스 어덜트 치킨',7.70,'주식','건식',28.88,'06:50:00','','2025-01-07 09:29:09.647392','2025-01-07 09:29:09.647392'),
                                                                                                                                      (1,'2025-01-06','힐스 어덜트 치킨',8.20,'주식','건식',30.75,'21:30:00','','2025-01-07 09:29:09.800211','2025-01-07 09:29:09.800211'),
                                                                                                                                      (1,'2025-01-06','조공 이지 케어 릴리프',1.00,'간식','츄르',9.00,'21:06:00','','2025-01-07 09:29:09.95594','2025-01-07 09:29:09.95594'),
                                                                                                                                      (1,'2025-01-06','레오나르도 캣 순수생육 연어',14.80,'주식','건식',59.94,'19:34:00','','2025-01-07 09:29:09.338776','2025-01-07 09:29:09.338776'),
                                                                                                                                      (1,'2025-01-06','레오나르도 캣 순수생육 연어',7.00,'주식','건식',28.35,'06:50:00','','2025-01-07 09:29:09.14647','2025-01-07 09:29:09.14647');
INSERT INTO public.meals (cat_id,"date",food_name,amount,category,product_type,calories,feeding_time,notes,created_at,updated_at) VALUES
                                                                                                                                      (1,'2025-01-07','레오나르도 캣 순수생육 연어',15.50,'주식','건식',62.78,'05:23:00','','2025-01-08 09:09:22.310808','2025-01-08 09:09:22.310808'),
                                                                                                                                      (1,'2025-01-07','레오나르도 캣 순수생육 연어',16.50,'주식','건식',66.83,'19:35:00','','2025-01-08 09:09:22.655435','2025-01-08 09:09:22.655435'),
                                                                                                                                      (1,'2025-01-07','힐스 어덜트 치킨',7.00,'주식','건식',26.25,'07:30:00','','2025-01-08 09:09:22.815915','2025-01-08 09:09:22.815915'),
                                                                                                                                      (1,'2025-01-07','힐스 어덜트 치킨',13.00,'주식','건식',48.75,'20:11:00','','2025-01-08 09:09:22.975116','2025-01-08 09:09:22.975116'),
                                                                                                                                      (1,'2025-01-07','조공 이지 케어 릴리프',1.00,'간식','츄르',9.00,'21:10:00','','2025-01-08 09:09:23.138603','2025-01-08 09:09:23.138603'),
                                                                                                                                      (1,'2025-01-07','조공 이지 케어 오메가-3',1.00,'간식','츄르',10.80,'06:20:00','','2025-01-08 09:09:23.298729','2025-01-08 09:09:23.298729'),
                                                                                                                                      (1,'2025-01-07','템테이션',3.00,'간식','트릿',6.00,'06:30:00','','2025-01-08 09:09:23.454638','2025-01-08 09:09:23.454638'),
                                                                                                                                      (1,'2025-01-07','레오나르도 캣 순수생육 연어',3.00,'주식','건식',12.15,'07:30:00','','2025-01-08 09:09:22.49752','2025-01-08 09:09:22.49752'),
                                                                                                                                      (1,'2025-01-08','레오나르도 캣 순수생육 연어',15.00,'주식','건식',60.75,'05:22:00','','2025-01-09 09:30:18.939794','2025-01-09 09:30:18.939794'),
                                                                                                                                      (1,'2025-01-08','레오나르도 캣 순수생육 연어',3.20,'주식','건식',12.96,'07:32:00','','2025-01-09 09:30:19.16124','2025-01-09 09:30:19.16124');
INSERT INTO public.meals (cat_id,"date",food_name,amount,category,product_type,calories,feeding_time,notes,created_at,updated_at) VALUES
                                                                                                                                      (1,'2025-01-08','레오나르도 캣 순수생육 연어',19.00,'주식','건식',76.95,'19:37:00','','2025-01-09 09:30:19.31735','2025-01-09 09:30:19.31735'),
                                                                                                                                      (1,'2025-01-08','힐스 어덜트 치킨',7.70,'주식','건식',28.88,'07:32:00','','2025-01-09 09:30:19.474936','2025-01-09 09:30:19.474936'),
                                                                                                                                      (1,'2025-01-08','힐스 어덜트 치킨',13.00,'주식','건식',48.75,'08:08:00','','2025-01-09 09:30:19.632563','2025-01-09 09:30:19.632563'),
                                                                                                                                      (1,'2025-01-08','조공 이지 케어 오메가-3',1.00,'간식','츄르',10.80,'06:10:00','','2025-01-09 09:30:19.789851','2025-01-09 09:30:19.789851'),
                                                                                                                                      (1,'2025-01-08','조공 이지 케어 릴리프',1.00,'간식','츄르',9.00,'21:10:00','','2025-01-09 09:30:19.947278','2025-01-09 09:30:19.947278'),
                                                                                                                                      (1,'2025-01-08','템테이션',7.00,'간식','트릿',14.00,'07:32:00','','2025-01-09 09:30:20.112607','2025-01-09 09:30:20.112607'),
                                                                                                                                      (1,'2025-01-09','레오나르도 캣 순수생육 연어',18.00,'주식','건식',72.90,'05:22:00','',NULL,NULL),
                                                                                                                                      (1,'2025-01-09','레오나르도 캣 순수생육 연어',13.30,'주식','건식',53.87,'19:40:00','',NULL,NULL),
                                                                                                                                      (1,'2025-01-09','힐스 어덜트 치킨',3.40,'주식','건식',12.75,'07:20:00','',NULL,NULL),
                                                                                                                                      (1,'2025-01-09','조공 이지 케어 오메가-3',1.00,'간식','츄르',10.80,'06:24:00','',NULL,NULL);
INSERT INTO public.meals (cat_id,"date",food_name,amount,category,product_type,calories,feeding_time,notes,created_at,updated_at) VALUES
                                                                                                                                      (1,'2025-01-09','조공 이지 케어 릴리프',1.00,'간식','츄르',9.00,'21:20:00','',NULL,NULL),
                                                                                                                                      (1,'2024-12-25','레오나르도 캣 순수생육 연어',3.00,'주식','건식',6.00,'05:30:00','','2024-12-26 16:17:01.121131','2024-12-26 16:17:01.121131'),
                                                                                                                                      (1,'2025-01-09','템테이션',3.00,'간식','트릿',6.00,'06:20:00','',NULL,NULL),
                                                                                                                                      (1,'2025-01-10','레오나르도 캣 순수생육 연어',18.00,'주식','건식',72.90,'05:20:00','',NULL,NULL),
                                                                                                                                      (1,'2025-01-10','레오나르도 캣 순수생육 연어',19.00,'주식','건식',76.95,'19:45:00','',NULL,NULL),
                                                                                                                                      (1,'2025-01-10','레오나르도 캣 순수생육 연어',10.60,'주식','건식',42.93,'21:29:00','',NULL,NULL),
                                                                                                                                      (1,'2025-01-10','힐스 어덜트 치킨',9.60,'주식','건식',36.00,'21:29:00','',NULL,NULL),
                                                                                                                                      (1,'2025-01-10','조공 이지 케어 오메가-3',1.00,'간식','츄르',10.80,'06:18:00','',NULL,NULL),
                                                                                                                                      (1,'2025-01-10','조공 이지 케어 릴리프',1.00,'간식','츄르',9.00,'21:00:00','',NULL,NULL),
                                                                                                                                      (1,'2025-01-11','레오나르도 캣 순수생육 연어',2.30,'주식','건식',9.32,'05:28:00','',NULL,NULL);
INSERT INTO public.meals (cat_id,"date",food_name,amount,category,product_type,calories,feeding_time,notes,created_at,updated_at) VALUES
                                                                                                                                      (1,'2025-01-11','레오나르도 캣 순수생육 연어',5.00,'주식','건식',20.25,'19:11:00','',NULL,NULL),
                                                                                                                                      (1,'2025-01-12','레오나르도 캣 순수생육 연어',17.00,'주식','건식',68.85,'05:28:00','',NULL,NULL),
                                                                                                                                      (1,'2025-01-12','레오나르도 캣 순수생육 연어',8.70,'주식','건식',35.23,'07:02:00','',NULL,NULL),
                                                                                                                                      (1,'2025-01-12','레오나르도 캣 순수생육 연어',10.40,'주식','건식',42.12,'19:14:00','',NULL,NULL),
                                                                                                                                      (1,'2025-01-12','조공 이지 케어 오메가-3',1.00,'간식','츄르',10.80,'21:03:00','',NULL,NULL),
                                                                                                                                      (1,'2025-01-12','조공 이지 케어 릴리프',1.00,'간식','츄르',9.00,'06:11:00','',NULL,NULL),
                                                                                                                                      (1,'2025-01-12','퓨리나 파티믹스 오리지널',4.00,'간식','트릿',5.60,'15:23:00','',NULL,NULL),
                                                                                                                                      (1,'2025-01-13','레오나르도 캣 순수생육 연어',18.00,'주식','건식',72.90,'05:58:00','',NULL,NULL),
                                                                                                                                      (1,'2025-01-13','레오나르도 캣 순수생육 연어',18.00,'주식','건식',72.90,'19:39:00','',NULL,NULL),
                                                                                                                                      (1,'2025-01-13','조공 이지 케어 오메가-3',0.50,'간식','츄르',5.40,'06:15:00','',NULL,NULL);
INSERT INTO public.meals (cat_id,"date",food_name,amount,category,product_type,calories,feeding_time,notes,created_at,updated_at) VALUES
                                                                                                                                      (1,'2025-01-13','조공 이지 케어 릴리프',1.00,'간식','츄르',9.00,'21:03:00','',NULL,NULL),
                                                                                                                                      (1,'2025-01-14','레오나르도 캣 순수생육 연어',13.30,'주식','건식',53.87,'06:21:00','',NULL,NULL),
                                                                                                                                      (1,'2025-01-14','레오나르도 캣 순수생육 연어',9.40,'주식','건식',38.07,'19:30:00','',NULL,NULL),
                                                                                                                                      (1,'2025-01-14','레오나르도 캣 순수생육 연어',10.00,'주식','건식',40.50,'21:30:00','',NULL,NULL),
                                                                                                                                      (1,'2025-01-14','힐스 어덜트 치킨',2.90,'주식','건식',10.88,'07:29:00','',NULL,NULL),
                                                                                                                                      (1,'2025-01-14','조공 이지 케어 릴리프',1.00,'간식','츄르',9.00,'21:10:00','',NULL,NULL),
                                                                                                                                      (1,'2025-01-14','템테이션',9.00,'간식','트릿',18.00,'07:29:00','',NULL,NULL),
                                                                                                                                      (1,'2025-01-14','힐스 어덜트 치킨',11.10,'주식','건식',41.63,'21:30:00','',NULL,NULL),
                                                                                                                                      (1,'2025-01-06','조공 이지 케어 오메가-3',1.00,'간식','츄르',10.80,'21:18:00','','2025-01-07 09:29:10.137729','2025-01-07 09:29:10.137729'),
                                                                                                                                      (1,'2025-01-14','조공 이지 케어 오메가-3',1.00,'간식','츄르',10.80,'07:05:00','',NULL,NULL);
INSERT INTO public.meals (cat_id,"date",food_name,amount,category,product_type,calories,feeding_time,notes,created_at,updated_at) VALUES
                                                                                                                                      (1,'2025-01-15','레오나르도 캣 순수생육 연어',8.30,'주식','건식',33.62,'07:26:00','',NULL,NULL),
                                                                                                                                      (1,'2025-01-15','레오나르도 캣 순수생육 연어',9.30,'주식','건식',37.67,'19:27:00','',NULL,NULL),
                                                                                                                                      (1,'2025-01-15','레오나르도 캣 순수생육 연어',8.70,'주식','건식',35.23,'21:30:00','',NULL,NULL),
                                                                                                                                      (1,'2025-01-15','힐스 어덜트 치킨',7.00,'주식','건식',26.25,'07:26:00','',NULL,NULL),
                                                                                                                                      (1,'2025-01-15','힐스 어덜트 치킨',13.00,'주식','건식',48.75,'21:30:00','',NULL,NULL),
                                                                                                                                      (1,'2025-01-15','조공 이지 케어 오메가-3',1.00,'간식','츄르',10.80,'06:25:00','',NULL,NULL),
                                                                                                                                      (1,'2025-01-15','조공 이지 케어 릴리프',1.00,'간식','츄르',9.00,'20:44:00','',NULL,NULL),
                                                                                                                                      (1,'2025-01-15','퓨리나 파티믹스 오리지널',3.00,'간식','트릿',4.20,'07:26:00','',NULL,NULL),
                                                                                                                                      (1,'2025-01-16','레오나르도 캣 순수생육 연어',17.50,'주식','건식',70.88,'05:18:00','',NULL,NULL),
                                                                                                                                      (1,'2025-01-16','레오나르도 캣 순수생육 연어',16.00,'주식','건식',64.80,'19:34:00','',NULL,NULL);
INSERT INTO public.meals (cat_id,"date",food_name,amount,category,product_type,calories,feeding_time,notes,created_at,updated_at) VALUES
                                                                                                                                      (1,'2025-01-16','레오나르도 캣 순수생육 연어',15.20,'주식','건식',61.56,'21:20:00','',NULL,NULL),
                                                                                                                                      (1,'2025-01-16','로우즈 밀프리 칠면조&치킨',7.40,'주식','건식',34.56,'07:31:00','',NULL,NULL),
                                                                                                                                      (1,'2025-01-16','힐스 어덜트 치킨',11.30,'주식','건식',42.38,'21:20:00','',NULL,NULL),
                                                                                                                                      (1,'2025-01-16','조공 이지 케어 오메가-3',1.00,'간식','츄르',10.80,'06:12:00','',NULL,NULL),
                                                                                                                                      (1,'2025-01-16','조공 이지 케어 릴리프',1.00,'간식','츄르',9.00,'21:10:00','',NULL,NULL),
                                                                                                                                      (1,'2025-01-17','레오나르도 캣 순수생육 연어',15.00,'주식','건식',60.75,'05:18:00','',NULL,NULL),
                                                                                                                                      (1,'2025-01-17','레오나르도 캣 순수생육 연어',16.50,'주식','건식',66.83,'19:14:00','',NULL,NULL),
                                                                                                                                      (1,'2025-01-17','힐스 어덜트 치킨',7.00,'주식','건식',26.25,'21:00:00','',NULL,NULL),
                                                                                                                                      (1,'2025-01-17','로우즈 밀프리 칠면조&치킨',4.50,'주식','건식',21.02,'21:00:00','',NULL,NULL),
                                                                                                                                      (1,'2025-01-17','조공 이지 케어 오메가-3',1.00,'간식','츄르',10.80,'06:20:00','',NULL,NULL);
INSERT INTO public.meals (cat_id,"date",food_name,amount,category,product_type,calories,feeding_time,notes,created_at,updated_at) VALUES
                                                                                                                                      (1,'2025-01-17','조공 이지 케어 릴리프',1.00,'간식','츄르',9.00,'21:00:00','',NULL,NULL),
                                                                                                                                      (1,'2025-01-18','레오나르도 캣 순수생육 연어',14.00,'주식','건식',56.70,'05:28:00','',NULL,NULL),
                                                                                                                                      (1,'2025-01-18','레오나르도 캣 순수생육 연어',19.00,'주식','건식',76.95,'19:01:00','',NULL,NULL),
                                                                                                                                      (1,'2025-01-18','레오나르도 캣 순수생육 연어',3.80,'주식','건식',15.39,'21:20:00','',NULL,NULL),
                                                                                                                                      (1,'2025-01-18','힐스 어덜트 치킨',2.00,'주식','건식',7.50,'21:20:00','',NULL,NULL),
                                                                                                                                      (1,'2025-01-18','조공 이지 케어 오메가-3',1.00,'간식','츄르',10.80,'06:24:00','',NULL,NULL),
                                                                                                                                      (1,'2025-01-18','조공 이지 케어 릴리프',1.00,'간식','츄르',9.00,'21:09:00','',NULL,NULL),
                                                                                                                                      (1,'2025-01-18','템테이션',10.00,'간식','트릿',20.00,'21:20:00','',NULL,NULL),
                                                                                                                                      (1,'2025-01-19','레오나르도 캣 순수생육 연어',17.50,'주식','건식',70.88,'05:22:00','',NULL,NULL),
                                                                                                                                      (1,'2025-01-19','레오나르도 캣 순수생육 연어',15.50,'주식','건식',62.78,'07:00:00','',NULL,NULL);
INSERT INTO public.meals (cat_id,"date",food_name,amount,category,product_type,calories,feeding_time,notes,created_at,updated_at) VALUES
                                                                                                                                      (1,'2025-01-19','레오나르도 캣 순수생육 연어',16.00,'주식','건식',64.80,'19:30:00','',NULL,NULL),
                                                                                                                                      (1,'2025-01-19','레오나르도 캣 순수생육 연어',7.80,'주식','건식',31.59,'21:30:00','',NULL,NULL),
                                                                                                                                      (1,'2025-01-19','힐스 어덜트 치킨',5.30,'주식','건식',19.88,'21:30:00','',NULL,NULL),
                                                                                                                                      (1,'2025-01-19','조공 이지 케어 오메가-3',1.00,'간식','츄르',10.80,'06:30:00','',NULL,NULL),
                                                                                                                                      (1,'2025-01-19','조공 이지 케어 릴리프',1.00,'간식','츄르',9.00,'21:16:00','',NULL,NULL),
                                                                                                                                      (1,'2025-01-20','레오나르도 캣 순수생육 연어',16.00,'주식','건식',64.80,'05:18:00','',NULL,NULL),
                                                                                                                                      (1,'2025-01-20','레오나르도 캣 순수생육 연어',14.00,'주식','건식',56.70,'07:30:00','',NULL,NULL),
                                                                                                                                      (1,'2025-01-20','레오나르도 캣 순수생육 연어',16.00,'주식','건식',64.80,'19:33:00','',NULL,NULL),
                                                                                                                                      (1,'2025-01-20','레오나르도 캣 순수생육 연어',17.00,'주식','건식',68.85,'21:18:00','',NULL,NULL),
                                                                                                                                      (1,'2025-01-20','조공 이지 케어 릴리프',1.00,'간식','츄르',9.00,'21:10:00','',NULL,NULL);
INSERT INTO public.meals (cat_id,"date",food_name,amount,category,product_type,calories,feeding_time,notes,created_at,updated_at) VALUES
                                                                                                                                      (1,'2025-01-20','힐스 어덜트 치킨',8.90,'주식','건식',33.38,'21:18:00','',NULL,NULL),
                                                                                                                                      (1,'2025-01-21','레오나르도 캣 순수생육 연어',16.00,'주식','건식',64.80,'05:21:00','',NULL,NULL),
                                                                                                                                      (1,'2025-01-21','레오나르도 캣 순수생육 연어',16.00,'주식','건식',64.80,'07:27:00','',NULL,NULL),
                                                                                                                                      (1,'2025-01-21','레오나르도 캣 순수생육 연어',17.00,'주식','건식',68.85,'19:21:00','',NULL,NULL),
                                                                                                                                      (1,'2025-01-21','레오나르도 캣 순수생육 연어',18.10,'주식','건식',73.31,'21:30:00','',NULL,NULL),
                                                                                                                                      (1,'2025-01-21','힐스 어덜트 치킨',6.00,'주식','건식',22.50,'21:30:00','',NULL,NULL),
                                                                                                                                      (1,'2025-01-21','조공 이지 케어 오메가-3',0.70,'간식','츄르',7.56,'06:12:00','',NULL,NULL),
                                                                                                                                      (1,'2025-01-21','조공 이지 케어 릴리프',1.00,'간식','츄르',9.00,'21:00:00','',NULL,NULL),
                                                                                                                                      (1,'2025-01-21','퓨리나 파티믹스 오리지널',10.00,'간식','트릿',14.00,'21:30:00','',NULL,NULL),
                                                                                                                                      (1,'2025-01-22','레오나르도 캣 순수생육 연어',14.00,'주식','건식',56.70,'05:19:00','',NULL,NULL);
INSERT INTO public.meals (cat_id,"date",food_name,amount,category,product_type,calories,feeding_time,notes,created_at,updated_at) VALUES
                                                                                                                                      (1,'2025-01-22','레오나르도 캣 순수생육 연어',12.00,'주식','건식',48.60,'07:32:00','',NULL,NULL),
                                                                                                                                      (1,'2025-01-22','레오나르도 캣 순수생육 연어',18.00,'주식','건식',72.90,'19:22:00','',NULL,NULL),
                                                                                                                                      (1,'2025-01-22','레오나르도 캣 순수생육 연어',13.40,'주식','건식',54.27,'21:20:00','',NULL,NULL),
                                                                                                                                      (1,'2025-01-22','힐스 어덜트 치킨',8.00,'주식','건식',30.00,'21:20:00','',NULL,NULL),
                                                                                                                                      (1,'2025-01-22','조공 이지 케어 릴리프',1.00,'간식','츄르',9.00,'21:50:00','',NULL,NULL),
                                                                                                                                      (1,'2025-01-22','템테이션',10.00,'간식','트릿',20.00,'22:00:00','',NULL,NULL),
                                                                                                                                      (1,'2025-01-23','레오나르도 캣 순수생육 연어',16.00,'주식','건식',64.80,'05:19:00','',NULL,NULL),
                                                                                                                                      (1,'2025-01-23','레오나르도 캣 순수생육 연어',15.00,'주식','건식',60.75,'19:32:00','',NULL,NULL),
                                                                                                                                      (1,'2025-01-23','레오나르도 캣 순수생육 연어',15.00,'주식','건식',60.75,'21:30:00','',NULL,NULL),
                                                                                                                                      (1,'2025-01-23','힐스 어덜트 치킨',10.90,'주식','건식',40.88,'07:32:00','',NULL,NULL);
INSERT INTO public.meals (cat_id,"date",food_name,amount,category,product_type,calories,feeding_time,notes,created_at,updated_at) VALUES
                                                                                                                                      (1,'2025-01-23','힐스 어덜트 치킨',5.80,'주식','건식',21.75,'21:30:00','',NULL,NULL),
                                                                                                                                      (1,'2025-01-23','조공 이지 케어 릴리프',1.00,'간식','츄르',9.00,'21:21:00','',NULL,NULL),
                                                                                                                                      (1,'2025-01-23','템테이션',8.00,'간식','트릿',16.00,'21:21:00','',NULL,NULL),
                                                                                                                                      (1,'2025-01-24','레오나르도 캣 순수생육 연어',18.00,'주식','건식',72.90,'05:32:00','',NULL,NULL),
                                                                                                                                      (1,'2025-01-24','레오나르도 캣 순수생육 연어',15.00,'주식','건식',60.75,'07:26:00','',NULL,NULL),
                                                                                                                                      (1,'2025-01-24','레오나르도 캣 순수생육 연어',16.00,'주식','건식',64.80,'22:30:00','',NULL,NULL),
                                                                                                                                      (1,'2025-01-24','레오나르도 캣 순수생육 연어',3.30,'주식','건식',13.36,'23:40:00','',NULL,NULL),
                                                                                                                                      (1,'2025-01-24','힐스 어덜트 치킨',7.70,'주식','건식',28.88,'07:26:00','',NULL,NULL),
                                                                                                                                      (1,'2025-01-24','힐스 어덜트 치킨',5.50,'주식','건식',20.63,'23:40:00','',NULL,NULL),
                                                                                                                                      (1,'2025-01-24','조공 이지 케어 릴리프',1.00,'간식','츄르',9.00,'23:30:00','',NULL,NULL);
INSERT INTO public.meals (cat_id,"date",food_name,amount,category,product_type,calories,feeding_time,notes,created_at,updated_at) VALUES
                                                                                                                                      (1,'2025-01-24','템테이션 캣 트릿 헤어볼 컨트롤 130g',4.00,'간식','스낵',8.00,'23:30:00','',NULL,NULL),
                                                                                                                                      (1,'2025-01-24','퓨리나 파티믹스 오리지널',7.00,'간식','트릿',9.80,'23:30:00','',NULL,NULL),
                                                                                                                                      (1,'2025-01-25','레오나르도 캣 순수생육 연어',19.50,'주식','건식',78.98,'05:20:00','',NULL,NULL),
                                                                                                                                      (1,'2025-01-25','레오나르도 캣 순수생육 연어',16.00,'주식','건식',64.80,'19:14:00','',NULL,NULL),
                                                                                                                                      (1,'2025-01-25','레오나르도 캣 순수생육 연어',13.60,'주식','건식',55.08,'21:30:00','',NULL,NULL),
                                                                                                                                      (1,'2025-01-25','힐스 어덜트 치킨',13.00,'주식','건식',48.75,'21:30:00','',NULL,NULL),
                                                                                                                                      (1,'2025-01-25','조공 이지 케어 릴리프',1.00,'간식','츄르',9.00,'21:16:00','',NULL,NULL),
                                                                                                                                      (1,'2025-01-25','퓨리나 파티믹스 오리지널',3.00,'간식','스낵',4.20,'21:16:00','',NULL,NULL),
                                                                                                                                      (1,'2025-01-26','레오나르도 캣 순수생육 연어',14.50,'주식','건식',58.72,'06:53:00','',NULL,NULL),
                                                                                                                                      (1,'2025-01-26','레오나르도 캣 순수생육 연어',18.50,'주식','건식',74.93,'10:30:00','',NULL,NULL);
INSERT INTO public.meals (cat_id,"date",food_name,amount,category,product_type,calories,feeding_time,notes,created_at,updated_at) VALUES
                                                                                                                                      (1,'2025-01-26','레오나르도 캣 순수생육 연어',16.00,'주식','건식',64.80,'19:10:00','',NULL,NULL),
                                                                                                                                      (1,'2025-01-26','레오나르도 캣 순수생육 연어',5.50,'주식','건식',22.28,'21:00:00','',NULL,NULL),
                                                                                                                                      (1,'2025-01-26','힐스 어덜트 치킨',3.70,'주식','건식',13.88,'21:00:00','',NULL,NULL),
                                                                                                                                      (1,'2025-01-26','템테이션 캣 트릿 헤어볼 컨트롤 130g',10.00,'간식','스낵',20.00,'10:10:00','',NULL,NULL),
                                                                                                                                      (1,'2025-01-26','템테이션 캣 트릿 헤어볼 컨트롤 130g',10.00,'간식','스낵',20.00,'20:30:00','',NULL,NULL),
                                                                                                                                      (1,'2025-01-26','조공 이지 케어 릴리프',1.00,'간식','츄르',9.00,'20:30:00','',NULL,NULL),
                                                                                                                                      (1,'2025-01-27','레오나르도 캣 순수생육 연어',16.50,'주식','건식',66.83,'05:16:00','',NULL,NULL),
                                                                                                                                      (1,'2025-01-27','레오나르도 캣 순수생육 연어',18.50,'주식','건식',74.93,'09:10:00','',NULL,NULL),
                                                                                                                                      (1,'2025-01-27','레오나르도 캣 순수생육 연어',19.50,'주식','건식',78.98,'20:45:00','',NULL,NULL),
                                                                                                                                      (1,'2025-01-27','레오나르도 캣 순수생육 연어',3.90,'주식','건식',15.79,'23:30:00','',NULL,NULL);
INSERT INTO public.meals (cat_id,"date",food_name,amount,category,product_type,calories,feeding_time,notes,created_at,updated_at) VALUES
                                                                                                                                      (1,'2025-01-27','템테이션 캣 트릿 헤어볼 컨트롤 130g',5.00,'간식','스낵',10.00,'13:30:00','',NULL,NULL),
                                                                                                                                      (1,'2025-01-27','템테이션 캣 트릿 헤어볼 컨트롤 130g',5.00,'간식','스낵',10.00,'23:00:00','',NULL,NULL),
                                                                                                                                      (1,'2025-01-27','조공 이지 케어 오메가-3',0.70,'간식','츄르',7.56,'23:00:00','',NULL,NULL),
                                                                                                                                      (1,'2025-01-27','닥터펠리스 포캣트릿 닭가슴살',10.00,'간식','트릿',10.00,'23:40:00','',NULL,NULL),
                                                                                                                                      (1,'2025-01-27','힐스 어덜트 치킨',4.70,'주식','건식',17.63,'23:30:00','',NULL,NULL),
                                                                                                                                      (1,'2025-01-28','레오나르도 캣 순수생육 연어',16.50,'주식','건식',66.83,'05:16:00','',NULL,NULL),
                                                                                                                                      (1,'2025-01-28','레오나르도 캣 순수생육 연어',18.50,'주식','건식',74.93,'09:10:00','',NULL,NULL),
                                                                                                                                      (1,'2025-01-28','레오나르도 캣 순수생육 연어',19.50,'주식','건식',78.98,'20:45:00','',NULL,NULL),
                                                                                                                                      (1,'2025-01-28','레오나르도 캣 순수생육 연어',3.90,'주식','건식',15.79,'23:30:00','',NULL,NULL),
                                                                                                                                      (1,'2025-01-28','힐스 어덜트 치킨',4.00,'주식','건식',15.00,'23:30:00','',NULL,NULL);
INSERT INTO public.meals (cat_id,"date",food_name,amount,category,product_type,calories,feeding_time,notes,created_at,updated_at) VALUES
                                                                                                                                      (1,'2025-01-28','템테이션 캣 트릿 헤어볼 컨트롤 130g',4.00,'간식','스낵',8.00,'13:30:00','',NULL,NULL),
                                                                                                                                      (1,'2025-01-28','템테이션 캣 트릿 헤어볼 컨트롤 130g',4.00,'간식','스낵',8.00,'23:00:00','',NULL,NULL),
                                                                                                                                      (1,'2025-01-28','닥터펠리스 포캣트릿 닭가슴살',10.00,'간식','트릿',10.00,'23:30:00','',NULL,NULL),
                                                                                                                                      (1,'2025-01-28','조공 이지 케어 오메가-3',0.70,'간식','츄르',7.56,'23:00:00','',NULL,NULL),
                                                                                                                                      (1,'2025-01-29','레오나르도 캣 순수생육 연어',23.00,'주식','건식',93.15,'05:14:00','',NULL,NULL),
                                                                                                                                      (1,'2025-01-29','레오나르도 캣 순수생육 연어',15.60,'주식','건식',63.18,'15:00:00','',NULL,NULL),
                                                                                                                                      (1,'2025-01-29','레오나르도 캣 순수생육 연어',20.00,'주식','건식',81.00,'22:34:00','',NULL,NULL),
                                                                                                                                      (1,'2025-01-29','레오나르도 캣 순수생육 연어',18.90,'주식','건식',76.54,'23:35:00','',NULL,NULL),
                                                                                                                                      (1,'2025-01-29','템테이션 캣 트릿 헤어볼 컨트롤 130g',5.00,'간식','스낵',10.00,'15:00:00','',NULL,NULL),
                                                                                                                                      (1,'2025-01-29','템테이션 캣 트릿 헤어볼 컨트롤 130g',3.00,'간식','스낵',6.00,'23:00:00','',NULL,NULL);
INSERT INTO public.meals (cat_id,"date",food_name,amount,category,product_type,calories,feeding_time,notes,created_at,updated_at) VALUES
                                                                                                                                      (1,'2025-01-29','조공 이지 케어 릴리프',1.00,'간식','츄르',9.00,'23:00:00','',NULL,NULL),
                                                                                                                                      (1,'2025-01-29','닥터펠리스 포캣트릿 닭가슴살',5.00,'간식','트릿',5.00,'23:35:00','',NULL,NULL),
                                                                                                                                      (1,'2025-01-30','레오나르도 캣 순수생육 연어',10.50,'주식','건식',42.53,'05:16:00','',NULL,NULL),
                                                                                                                                      (1,'2025-01-30','레오나르도 캣 순수생육 연어',12.00,'주식','건식',48.60,'11:20:00','',NULL,NULL),
                                                                                                                                      (1,'2025-01-30','레오나르도 캣 순수생육 연어',15.00,'주식','건식',60.75,'19:14:00','',NULL,NULL),
                                                                                                                                      (1,'2025-01-30','레오나르도 캣 순수생육 연어',11.40,'주식','건식',46.17,'22:00:00','',NULL,NULL),
                                                                                                                                      (1,'2025-01-30','힐스 어덜트 치킨',4.00,'주식','건식',15.00,'05:16:00','',NULL,NULL),
                                                                                                                                      (1,'2025-01-30','닥터펠리스 포캣트릿 닭가슴살',5.00,'간식','트릿',5.00,'13:00:00','',NULL,NULL),
                                                                                                                                      (1,'2025-01-30','조공 이지 케어 오메가-3',0.70,'간식','츄르',7.56,'21:41:00','',NULL,NULL),
                                                                                                                                      (1,'2025-01-30','템테이션 캣 트릿 헤어볼 컨트롤 130g',5.00,'간식','스낵',10.00,'21:41:00','',NULL,NULL);
INSERT INTO public.meals (cat_id,"date",food_name,amount,category,product_type,calories,feeding_time,notes,created_at,updated_at) VALUES
                                                                                                                                      (1,'2025-01-31','레오나르도 캣 순수생육 연어',18.00,'주식','건식',72.90,'05:16:00','',NULL,NULL),
                                                                                                                                      (1,'2025-01-31','레오나르도 캣 순수생육 연어',14.00,'주식','건식',56.70,'07:23:00','',NULL,NULL),
                                                                                                                                      (1,'2025-01-31','레오나르도 캣 순수생육 연어',6.70,'주식','건식',27.13,'22:20:00','',NULL,NULL),
                                                                                                                                      (1,'2025-01-31','힐스 어덜트 치킨',7.00,'주식','건식',26.25,'22:20:00','',NULL,NULL),
                                                                                                                                      (1,'2025-01-31','템테이션 캣 트릿 헤어볼 컨트롤 130g',5.00,'간식','스낵',10.00,'07:23:00','',NULL,NULL),
                                                                                                                                      (1,'2025-01-31','템테이션 캣 트릿 헤어볼 컨트롤 130g',5.00,'간식','스낵',10.00,'22:00:00','',NULL,NULL),
                                                                                                                                      (1,'2025-01-31','조공 이지 케어 릴리프',1.00,'간식','츄르',9.00,'22:00:00','',NULL,NULL),
                                                                                                                                      (1,'2025-02-01','레오나르도 캣 순수생육 연어',15.00,'주식','건식',60.75,'05:13:00','',NULL,NULL),
                                                                                                                                      (1,'2025-02-01','레오나르도 캣 순수생육 연어',16.00,'주식','건식',64.80,'09:40:00','',NULL,NULL),
                                                                                                                                      (1,'2025-02-01','레오나르도 캣 순수생육 연어',17.00,'주식','건식',68.85,'21:31:00','',NULL,NULL);
INSERT INTO public.meals (cat_id,"date",food_name,amount,category,product_type,calories,feeding_time,notes,created_at,updated_at) VALUES
                                                                                                                                      (1,'2025-02-01','레오나르도 캣 순수생육 연어',15.40,'주식','건식',62.37,'23:43:00','',NULL,NULL),
                                                                                                                                      (1,'2025-02-01','조공 이지 케어 릴리프',1.00,'간식','츄르',9.00,'23:13:00','',NULL,NULL),
                                                                                                                                      (1,'2025-02-01','템테이션 캣 트릿 헤어볼 컨트롤 130g',5.00,'간식','스낵',10.00,'23:13:00','',NULL,NULL),
                                                                                                                                      (1,'2025-02-02','레오나르도 캣 순수생육 연어',20.00,'주식','건식',81.00,'06:20:00','',NULL,NULL),
                                                                                                                                      (1,'2025-02-02','레오나르도 캣 순수생육 연어',16.00,'주식','건식',64.80,'19:18:00','',NULL,NULL),
                                                                                                                                      (1,'2025-02-02','레오나르도 캣 순수생육 연어',17.00,'주식','건식',68.85,'21:47:00','',NULL,NULL),
                                                                                                                                      (1,'2025-02-02','조공 이지 케어 오메가-3',0.70,'간식','츄르',7.56,'21:10:00','',NULL,NULL),
                                                                                                                                      (1,'2025-02-02','닥터펠리스 포캣트릿 닭가슴살',8.00,'간식','트릿',8.00,'21:10:00','',NULL,NULL),
                                                                                                                                      (1,'2025-02-03','레오나르도 캣 순수생육 연어',17.00,'주식','건식',68.85,'05:19:00','',NULL,NULL),
                                                                                                                                      (1,'2025-02-03','레오나르도 캣 순수생육 연어',12.00,'주식','건식',48.60,'20:55:00','',NULL,NULL);
INSERT INTO public.meals (cat_id,"date",food_name,amount,category,product_type,calories,feeding_time,notes,created_at,updated_at) VALUES
                                                                                                                                      (1,'2025-02-03','레오나르도 캣 순수생육 연어',17.80,'주식','건식',72.09,'22:10:00','',NULL,NULL),
                                                                                                                                      (1,'2025-02-03','힐스 어덜트 치킨',3.50,'주식','건식',13.13,'05:19:00','',NULL,NULL),
                                                                                                                                      (1,'2025-02-03','힐스 어덜트 치킨',3.00,'주식','건식',11.25,'22:10:00','',NULL,NULL),
                                                                                                                                      (1,'2025-02-03','템테이션 캣 트릿 헤어볼 컨트롤 130g',5.00,'간식','스낵',10.00,'07:00:00','',NULL,NULL),
                                                                                                                                      (1,'2025-02-03','조공 이지 케어 릴리프',1.00,'간식','츄르',9.00,'21:50:00','',NULL,NULL),
                                                                                                                                      (1,'2025-02-03','템테이션 캣 트릿 헤어볼 컨트롤 130g',5.00,'간식','스낵',10.00,'21:50:00','',NULL,NULL),
                                                                                                                                      (1,'2025-02-04','레오나르도 캣 순수생육 연어',11.50,'주식','건식',46.57,'05:20:00','',NULL,NULL),
                                                                                                                                      (1,'2025-02-04','레오나르도 캣 순수생육 연어',17.00,'주식','건식',68.85,'07:32:00','',NULL,NULL),
                                                                                                                                      (1,'2025-02-04','레오나르도 캣 순수생육 연어',7.00,'주식','건식',28.35,'19:31:00','',NULL,NULL),
                                                                                                                                      (1,'2025-02-04','힐스 어덜트 치킨',2.00,'주식','건식',7.50,'07:32:00','',NULL,NULL);
INSERT INTO public.meals (cat_id,"date",food_name,amount,category,product_type,calories,feeding_time,notes,created_at,updated_at) VALUES
    (1,'2025-02-04','조공 이지 케어 릴리프',1.00,'간식','츄르',9.00,'21:10:00','',NULL,NULL);




-- public.medication definition

-- Drop table

-- DROP TABLE public.medication;

CREATE TABLE public.medication (
                                   medication_id serial4 NOT NULL,
                                   cat_id int4 NULL,
                                   "date" date NOT NULL,
                                   medication_name varchar(100) NULL,
                                   dosage varchar(50) NULL,
                                   medication_type varchar(50) NULL,
                                   notes text NULL,
                                   created_at timestamp NULL,
                                   updated_at timestamp NULL
);



-- public.water_intake definition

-- Drop table

-- DROP TABLE public.water_intake;

CREATE TABLE public.water_intake (
                                     intake_id bigserial NOT NULL,
                                     cat_id int8 NULL,
                                     "date" date NOT NULL,
                                     amount numeric(5, 2) NULL,
                                     unit varchar(50) NULL,
                                     created_at timestamp NULL,
                                     updated_at timestamp NULL
);


INSERT INTO public.water_intake (cat_id,"date",amount,unit,created_at,updated_at) VALUES
                                                                                      (1,'2024-12-23',176.00,'g','2024-12-24 10:05:12.712112','2024-12-24 10:05:12.712112'),
                                                                                      (1,'2024-12-24',147.50,'g','2024-12-26 08:57:10.445431','2024-12-26 08:57:10.445431'),
                                                                                      (1,'2024-12-24',85.00,'g','2024-12-26 08:58:36.349904','2024-12-26 08:58:36.349904'),
                                                                                      (1,'2024-12-25',220.00,'g','2024-12-26 12:15:04.264817','2024-12-26 12:15:04.265816'),
                                                                                      (1,'2024-12-25',95.50,'g','2024-12-26 12:15:57.228561','2024-12-26 12:15:57.228561'),
                                                                                      (1,'2024-12-26',111.50,'g','2024-12-26 16:22:17.524055','2024-12-26 16:22:17.524055'),
                                                                                      (1,'2024-12-26',117.50,'g','2024-12-27 10:00:30.191819','2024-12-27 10:00:30.191819'),
                                                                                      (1,'2024-12-27',101.00,'g','2024-12-27 12:02:06.437424','2024-12-27 12:02:06.437424'),
                                                                                      (1,'2024-12-27',147.00,'g','2024-12-30 08:04:15.398252','2024-12-30 08:04:15.398252'),
                                                                                      (1,'2024-12-29',384.00,'g','2024-12-30 08:33:04.567191','2024-12-30 08:33:04.567191');
INSERT INTO public.water_intake (cat_id,"date",amount,unit,created_at,updated_at) VALUES
                                                                                      (1,'2024-12-30',111.00,'g','2024-12-30 08:38:29.611511','2024-12-30 08:38:29.611511'),
                                                                                      (1,'2024-12-30',140.50,'g','2024-12-31 08:50:29.825421','2024-12-31 08:50:29.825421'),
                                                                                      (1,'2024-12-31',128.00,'g','2024-12-31 08:51:44.540152','2024-12-31 08:51:44.540152'),
                                                                                      (1,'2024-12-31',222.50,'g','2025-01-02 09:19:45.707044','2025-01-02 09:19:45.707044'),
                                                                                      (1,'2025-01-01',158.50,'g','2025-01-02 09:21:22.245968','2025-01-02 09:21:22.245968'),
                                                                                      (1,'2025-01-01',96.50,'g','2025-01-02 09:22:19.215391','2025-01-02 09:22:19.215391'),
                                                                                      (1,'2025-01-02',160.50,'g','2025-01-03 09:31:17.521581','2025-01-03 09:31:17.521581'),
                                                                                      (1,'2025-01-02',100.50,'g','2025-01-03 09:31:49.813577','2025-01-03 09:31:49.813577'),
                                                                                      (1,'2025-01-03',150.00,'g','2025-01-06 09:15:14.216757','2025-01-06 09:15:14.216757'),
                                                                                      (1,'2025-01-03',94.00,'g','2025-01-06 09:15:26.250876','2025-01-06 09:15:26.250876');
INSERT INTO public.water_intake (cat_id,"date",amount,unit,created_at,updated_at) VALUES
                                                                                      (1,'2025-01-04',125.00,'g','2025-01-06 09:30:02.034587','2025-01-06 09:30:02.034587'),
                                                                                      (1,'2025-01-04',154.50,'g','2025-01-06 09:30:45.829271','2025-01-06 09:30:45.829271'),
                                                                                      (1,'2025-01-05',122.50,'g','2025-01-07 09:15:12.549026','2025-01-07 09:15:12.549026'),
                                                                                      (1,'2025-01-05',105.00,'g','2025-01-07 09:15:48.605057','2025-01-07 09:15:48.605057'),
                                                                                      (1,'2025-01-06',154.00,'g','2025-01-07 09:36:09.089127','2025-01-07 09:36:09.09009'),
                                                                                      (1,'2025-01-06',123.00,'g','2025-01-07 09:36:47.317788','2025-01-07 09:36:47.317788'),
                                                                                      (1,'2025-01-07',151.50,'g','2025-01-08 09:11:46.765972','2025-01-08 09:11:46.765972'),
                                                                                      (1,'2025-01-07',158.00,'g','2025-01-08 09:12:36.996686','2025-01-08 09:12:36.996686'),
                                                                                      (1,'2025-01-08',157.50,'g','2025-01-09 09:34:29.34257','2025-01-09 09:34:29.343459'),
                                                                                      (1,'2025-01-08',122.50,'g','2025-01-09 09:35:16.482284','2025-01-09 09:35:16.482284');
INSERT INTO public.water_intake (cat_id,"date",amount,unit,created_at,updated_at) VALUES
                                                                                      (1,'2025-01-09',149.00,'g','2025-01-13 09:15:47.240346','2025-01-13 09:15:47.240346'),
                                                                                      (1,'2025-01-09',120.50,'g','2025-01-13 09:16:26.385741','2025-01-13 09:16:26.385741'),
                                                                                      (1,'2025-01-10',108.50,'g','2025-01-13 09:17:14.37302','2025-01-13 09:17:14.37302'),
                                                                                      (1,'2025-01-10',138.00,'g','2025-01-13 09:18:58.732644','2025-01-13 09:18:58.732644'),
                                                                                      (1,'2025-01-11',115.00,'g','2025-01-13 09:19:42.49473','2025-01-13 09:19:42.49473'),
                                                                                      (1,'2025-01-11',75.00,'g','2025-01-13 09:20:51.710953','2025-01-13 09:20:51.710953'),
                                                                                      (1,'2025-01-12',55.50,'g','2025-01-13 09:21:23.942534','2025-01-13 09:21:23.942534'),
                                                                                      (1,'2025-01-12',69.50,'g','2025-01-13 09:22:23.835417','2025-01-13 09:22:23.835417'),
                                                                                      (1,'2025-01-13',128.50,'g','2025-01-14 10:12:25.694447','2025-01-14 10:12:25.694447'),
                                                                                      (1,'2025-01-13',69.00,'g','2025-01-14 10:13:01.348672','2025-01-14 10:13:01.348672');
INSERT INTO public.water_intake (cat_id,"date",amount,unit,created_at,updated_at) VALUES
                                                                                      (1,'2025-01-14',90.70,'g','2025-01-15 09:31:18.784442','2025-01-15 09:31:18.784442'),
                                                                                      (1,'2025-01-14',112.50,'g','2025-01-15 09:50:53.635112','2025-01-15 09:50:53.635112'),
                                                                                      (1,'2025-01-15',88.50,'g','2025-01-16 09:08:49.210814','2025-01-16 09:08:49.210814'),
                                                                                      (1,'2025-01-16',111.50,'g','2025-01-17 09:31:48.794826','2025-01-17 09:31:48.794826'),
                                                                                      (1,'2025-01-16',96.50,'g','2025-01-17 09:33:43.832971','2025-01-17 09:33:43.832971'),
                                                                                      (1,'2025-01-17',148.70,'g','2025-01-20 09:21:56.689923','2025-01-20 09:21:56.690925'),
                                                                                      (1,'2025-01-17',101.00,'g','2025-01-20 09:22:24.079132','2025-01-20 09:22:24.079132'),
                                                                                      (1,'2025-01-18',88.50,'g','2025-01-20 09:22:55.687816','2025-01-20 09:22:55.687816'),
                                                                                      (1,'2025-01-18',112.50,'g','2025-01-20 09:23:23.431147','2025-01-20 09:23:23.431147'),
                                                                                      (1,'2025-01-19',103.00,'g','2025-01-20 09:23:48.906934','2025-01-20 09:23:48.906934');
INSERT INTO public.water_intake (cat_id,"date",amount,unit,created_at,updated_at) VALUES
                                                                                      (1,'2025-01-19',71.50,'g','2025-01-20 09:24:21.775673','2025-01-20 09:24:21.775673'),
                                                                                      (1,'2025-01-20',139.30,'g','2025-01-21 09:34:52.481349','2025-01-21 09:34:52.481349'),
                                                                                      (1,'2025-01-20',43.50,'g','2025-01-21 09:35:31.1451','2025-01-21 09:35:31.1451'),
                                                                                      (1,'2025-01-21',150.00,'g','2025-01-22 10:04:46.491214','2025-01-22 10:04:46.491214'),
                                                                                      (1,'2025-01-21',95.00,'g','2025-01-22 10:05:34.817769','2025-01-22 10:05:34.817769'),
                                                                                      (1,'2025-01-22',137.60,'g','2025-01-23 09:40:31.431058','2025-01-23 09:40:31.432059'),
                                                                                      (1,'2025-01-22',91.50,'g','2025-01-23 09:41:01.51603','2025-01-23 09:41:01.51603'),
                                                                                      (1,'2025-01-23',149.00,'g','2025-01-24 12:19:15.550826','2025-01-24 12:19:15.550826'),
                                                                                      (1,'2025-01-23',83.00,'g','2025-01-24 12:19:49.734268','2025-01-24 12:19:49.734268'),
                                                                                      (1,'2025-01-24',119.50,'g','2025-01-31 09:22:23.665624','2025-01-31 09:22:23.665624');
INSERT INTO public.water_intake (cat_id,"date",amount,unit,created_at,updated_at) VALUES
                                                                                      (1,'2025-01-24',125.50,'g','2025-01-31 09:23:36.652852','2025-01-31 09:23:36.652852'),
                                                                                      (1,'2025-01-25',111.50,'g','2025-01-31 09:24:12.60795','2025-01-31 09:24:12.60795'),
                                                                                      (1,'2025-01-25',90.00,'g','2025-01-31 09:24:37.297357','2025-01-31 09:24:37.297357'),
                                                                                      (1,'2025-01-26',133.50,'g','2025-01-31 09:25:07.8943','2025-01-31 09:25:07.8943'),
                                                                                      (1,'2025-01-26',74.50,'g','2025-01-31 09:25:40.766518','2025-01-31 09:25:40.766518'),
                                                                                      (1,'2025-01-27',136.00,'g','2025-01-31 09:26:29.12499','2025-01-31 09:26:29.12499'),
                                                                                      (1,'2025-01-27',125.00,'g','2025-01-31 09:27:02.336552','2025-01-31 09:27:02.336552'),
                                                                                      (1,'2025-01-28',109.00,'g','2025-01-31 09:27:31.923981','2025-01-31 09:27:31.923981'),
                                                                                      (1,'2025-01-28',129.50,'g','2025-01-31 09:27:57.649885','2025-01-31 09:27:57.650872'),
                                                                                      (1,'2025-01-29',108.00,'g','2025-01-31 09:28:51.824875','2025-01-31 09:28:51.824875');
INSERT INTO public.water_intake (cat_id,"date",amount,unit,created_at,updated_at) VALUES
                                                                                      (1,'2025-01-29',159.00,'g','2025-01-31 09:29:23.323767','2025-01-31 09:29:23.323767'),
                                                                                      (1,'2025-01-30',119.00,'g','2025-01-31 09:29:53.571333','2025-01-31 09:29:53.571333'),
                                                                                      (1,'2025-01-30',121.00,'g','2025-01-31 09:30:21.667361','2025-01-31 09:30:21.667361'),
                                                                                      (1,'2025-01-31',112.00,'g','2025-02-03 11:08:38.709015','2025-02-03 11:08:38.709015'),
                                                                                      (1,'2025-01-31',112.50,'g','2025-02-03 11:09:19.869149','2025-02-03 11:09:19.869149'),
                                                                                      (1,'2025-02-01',124.00,'g','2025-02-03 11:10:54.776544','2025-02-03 11:10:54.776544'),
                                                                                      (1,'2025-02-01',116.50,'g','2025-02-03 11:11:40.282423','2025-02-03 11:11:40.282423'),
                                                                                      (1,'2025-02-02',119.00,'g','2025-02-03 11:12:20.719932','2025-02-03 11:12:20.719932'),
                                                                                      (1,'2025-02-02',106.00,'g','2025-02-03 11:12:54.453484','2025-02-03 11:12:54.453484'),
                                                                                      (1,'2025-02-03',108.00,'g','2025-02-04 14:39:52.963925','2025-02-04 14:39:52.963925');
INSERT INTO public.water_intake (cat_id,"date",amount,unit,created_at,updated_at) VALUES
                                                                                      (1,'2025-02-03',70.50,'g','2025-02-04 14:40:24.89619','2025-02-04 14:40:24.897101'),
                                                                                      (1,'2025-02-04',116.00,'g','2025-02-05 17:10:21.532789','2025-02-05 17:10:21.532789'),
                                                                                      (1,'2025-02-04',138.50,'g','2025-02-05 17:10:48.719898','2025-02-05 17:10:48.719898');
